,,,,,,,,,,,,,,,,,,,,,,
,,,,,,,,,,,,,,,,,,,,,,
A0,,A1,,,,,,,,,,,,,,,,,,,,
,,,,,A2,,,,,,,,,,,,,,,,,
,,,,,,,,,,,,,,,,,,,,,,
,,,A3,,,,,,,,,,,,,,,,,,,
A4,,,,,,,,,,,,,,,,,,,,,,
,,,,,,,,,,,A8,,,,,,,,,,,
,,,,,,,,,,,,,,,,,,,,,,
,,,,,,,,,A7,,,,,A9,,,,,,,,
,,,,,,,,,,,,,,,,,,,,,,
,,,,,,,,,,,A10,,,,,,,,,,,
A5,,A6,,,,,,,,,,,,,B0,,,,,,,
,,,,,,,,,,,,,,,,,,,,,,
,,,,,,,,,,,,,B1,,,,,,,,,
,,,,,,,,,,,,,,,,,,,,,,
,,,,,,,,,,,,,,,,,,,,,,
,,,,,,,,,,,,,,,,,,,,,,
,,B7,,,,B6,,,,,,,,,,,,,,,,
,,,,,,,,,,,,,,,,,,,,,,
,,,,,,,,,,,,,B2,,,,,,,,,
,,,,,,,,,,,,,,,,,,,,,,
,,,,,B5,,,,,,,,,,,,,,,,,
,,,,,,,,,B4,,,,B3,,,,,,,,,
,,,,,,,,,,,,,,,,,,,D0,,,
,,,,,,,,,,,,,,,,,,,,,,
,,,,,,,,,,,,,,,,,,,,,,
,,,,,,,,C1,,,C0,,,,,,D1,,,,,
,,,,,,,,,,,,,,,,,,,,,D4,
,,,,,,,,C2,,,,,,,,,,,,,,
,,,,,,,,,,,,,,,,,,D2,,,D3,
,,,,,,,,,,,,,,,,,,,,,,
,,,,C4,C3,,,,,,,,,,,,,,,,,
,,,,,,,,,,,,,,,,,,,,,,
,,,,,,,,,,,,,,,,,,,,,,
,,C6,,,C5,,,,C7,,,,,,,,,,,,,
